rank,service,title,year
1,HBO,"Hacks: Season 1
                                                                
",2021
2,HBO,"Mare of Easttown: Season 1
                                                                
",2021
4,HBO,"Beartown
                                                                
",2021
8,HBO,"Exterminate All the Brutes
                                                                
",2021
11,HBO,"The Black Church: This Is Our Story, This Is Our Song
                                                                
",2021
13,HBO,"Elizabeth Is Missing
                                                                
",2021
14,HBO,"Painting With John: Season 1
                                                                
",2021
16,HBO,"Last Chance U: Basketball: Season 1
                                                                
",2021
17,HBO,"It's a Sin
                                                                
",2021
3,HBO,The Plot Against America   (HBO),2020
4,HBO,"I'll Be Gone in the Dark   (HBO)",2020
10,HBO,I Hate Suzie   (HBO Max),2020
13,HBO,P-Valley   (Starz),2020
14,HBO,I May Destroy You   (HBO),2020
1,HBO,A Black Lady Sketch Show  (HBO),2019
4,HBO,Back to Life  (Showtime),2019
6,HBO,Watchmen  (HBO),2019
9,HBO,Harley Quinn  (DC Universe),2019
10,HBO,Los Espookys  (HBO),2019
14,HBO,State of the Union  (Sundance),2019
17,HBO,What We Do in the Shadows  (FX),2019
18,HBO,The Other Two  (Comedy Central),2019
19,HBO,South Side  (Comedy Central),2019
20,HBO,Work in Progress  (Showtime),2019